post_id,link_flair_text,Perfume_name,permalink,bottle_cost,clone_of,official_link,official_availability,official_price
1htzzou,WTS,AFTERNOON DIVE,/r/MontagneParfums/comments/1htzzou/wts_fullpartial_bottles_and_hawas/,35.0,LOUIS VUITTON AFTERNOON SWIM,/fragrance/afternoon-dive,True,45
1hnhi1h,WTS,AFTERNOON DIVE,/r/MontagneParfums/comments/1hnhi1h/wts_meteorite_tygr_cologne_afternoon_dive/,35.0,LOUIS VUITTON AFTERNOON SWIM,/fragrance/afternoon-dive,True,45
1j0lizx,WTS,AFTERNOON DIVE,/r/MontagneParfums/comments/1j0lizx/wts_afternoon_dive/,40.0,LOUIS VUITTON AFTERNOON SWIM,/fragrance/afternoon-dive,True,45
1izlwia,WTT,AFTERNOON DIVE,/r/MontagneParfums/comments/1izlwia/wttwts_afternoon_dive_4950ml/,40.0,LOUIS VUITTON AFTERNOON SWIM,/fragrance/afternoon-dive,True,45
1ijc81h,WTS,AFTERNOON DIVE,/r/MontagneParfums/comments/1ijc81h/wts_afternoon_dive_17oz_bottle/,45.0,LOUIS VUITTON AFTERNOON SWIM,/fragrance/afternoon-dive,True,45
1i69u80,WTS,AMBRE MUSC,/r/MontagneParfums/comments/1i69u80/wtseau_noir_vanille_fraiche_ambre_musc_bottle/,30.0,YSL TUXEDO,/fragrance/ambremusc,True,40
1iwy5a6,WTS,AMBRE MUSC,/r/MontagneParfums/comments/1iwy5a6/wts_imaginary_ambre_musc_parfum_de_cerise/,95.0,YSL TUXEDO,/fragrance/ambremusc,True,40
1idarrx,WTS,AMBRE VANILLE,/r/MontagneParfums/comments/1idarrx/wts_vanille_fraiche_amber_vanille_lepice_de_mer/,45.0,PARFUMS DE MARLY ALTHAÏR,/fragrance/ambre-vanille-inspired-by-parfums-de-marly-althar,True,45
1iz6mu0,WTS,ANOTHER 14,/r/MontagneParfums/comments/1iz6mu0/wts_multiple_montagnes/,29.0,LE LABO ANOTHER 13,/fragrance/another-14,True,40
1iy5rx2,WTS,ANOTHER 14,/r/MontagneParfums/comments/1iy5rx2/wts_another_14_meteorite_canada/,75.0,LE LABO ANOTHER 13,/fragrance/another-14,True,40
1hhqnhz,WTS,AOUD MARACUJA,/r/MontagneParfums/comments/1hhqnhz/wts_aoud_maracuja_vanille_absolute/,40.0,MAISON CRIVELLI OUD MARACUJÁ,/fragrance/aoud-maracuja-inspired-by-maison-crivelli-oud-maracuj,True,45
1j220sh,WTS,APPLE COGNAC INSIRED BY KILIAN APPLE BRANDY,/r/MontagneParfums/comments/1j220sh/wts_various_decants_from_ayybraamlmaocoln/,50.0,Unknown,/fragrance/applecognac,True,40
1htzzou,WTS,AQUA FORTE,/r/MontagneParfums/comments/1htzzou/wts_fullpartial_bottles_and_hawas/,35.0,MFK AQUA VITAE FORTE,/fragrance/aqua-forte,False,45
1i8rjz0,WTS,ARABIAN ORIENT (MONTAGNE ORIGINAL),/r/MontagneParfums/comments/1i8rjz0/wts_decluttering_dupes_bottles/,36.0,Unknown,/fragrance/arabian-orient,True,40
1j220sh,WTS,ARCTIC PALACE,/r/MontagneParfums/comments/1j220sh/wts_various_decants_from_ayybraamlmaocoln/,50.0,MEMO WINTER PALACE,/fragrance/arcticpalace,False,40
1hqi374,WTS,ARCTIC PALACE,/r/MontagneParfums/comments/1hqi374/wts_imaginary_torino22_arctic_palace/,105.0,MEMO WINTER PALACE,/fragrance/arcticpalace,False,40
1itf202,WTS,BLEU OUD,/r/MontagneParfums/comments/1itf202/wts_bundle_monkey_special_tobacco_noir_blue_oud/,35.0,FRAGRANCE DU BOIS BLEU INTENSE,/fragrance/bleuoud,True,40
1i8rjz0,WTS,BLEU TALISMAN,/r/MontagneParfums/comments/1i8rjz0/wts_decluttering_dupes_bottles/,36.0,EX NIHILO BLUE TALISMAN,/fragrance/u5r9io7pjobrurk43byiz5eojzswz0,False,45
1j111pc,WTS,BLEU TALISMAN,/r/MontagneParfums/comments/1j111pc/wts_bleu_talisman/,40.0,EX NIHILO BLUE TALISMAN,/fragrance/u5r9io7pjobrurk43byiz5eojzswz0,False,45
1il03u1,WTT,BLEU TALISMAN,/r/MontagneParfums/comments/1il03u1/wttwts_pineapple_intense_decants/,48.0,EX NIHILO BLUE TALISMAN,/fragrance/u5r9io7pjobrurk43byiz5eojzswz0,False,45
1j17c4g,WTS,BOBCAT,/r/MontagneParfums/comments/1j17c4g/wts_bobcat/,40.0,YSL BABYCAT,/fragrance/bobcat,True,40
1iz6mu0,WTS,BOLD EFFECT,/r/MontagneParfums/comments/1iz6mu0/wts_multiple_montagnes/,42.0,INITIO SIDE EFFECT,/fragrance/bold-effect-inspired-by-initio-side-effect,True,45
1iywyhc,WTS,BROOKLYN JAZZ,/r/MontagneParfums/comments/1iywyhc/wts_harmony_imaginary_brooklyn_jazz_wajan/,39.0,MAISON MARGIELA JAZZ CLUB,/fragrance/brooklynjazz,True,40
1il03u1,WTT,BROOKLYN JAZZ,/r/MontagneParfums/comments/1il03u1/wttwts_pineapple_intense_decants/,48.0,MAISON MARGIELA JAZZ CLUB,/fragrance/brooklynjazz,True,40
1hszhs6,WTS,BROOKLYN JAZZ,/r/MontagneParfums/comments/1hszhs6/wts_a_bundle/,120.0,MAISON MARGIELA JAZZ CLUB,/fragrance/brooklynjazz,True,40
1i7ml1j,WTS,BUKO INTENSE,/r/MontagneParfums/comments/1i7ml1j/wts_buko_intense_bottle/,35.0,CREED VIRGIN ISLAND WATER,/fragrance/buko-intense,True,45
1iz6mu0,WTS,BUKO INTENSE,/r/MontagneParfums/comments/1iz6mu0/wts_multiple_montagnes/,39.0,CREED VIRGIN ISLAND WATER,/fragrance/buko-intense,True,45
1il03u1,WTT,BUKO INTENSE,/r/MontagneParfums/comments/1il03u1/wttwts_pineapple_intense_decants/,48.0,CREED VIRGIN ISLAND WATER,/fragrance/buko-intense,True,45
1ioopwp,WTS,BUKO INTENSE,/r/MontagneParfums/comments/1ioopwp/wts_canadian_buyers_im_selling_these/,,CREED VIRGIN ISLAND WATER,/fragrance/buko-intense,True,45
1iaebe3,WTS,CACTI GARDEN,/r/MontagneParfums/comments/1iaebe3/wts_luvrs_pink_rose_frozen_malay_aklan_cacti/,35.0,LOUIS VUITTON CACTUS GARDEN,/fragrance/cacti-garden-inspired-by-louis-vuitton-cactus-garden,False,40
1ik5byq,WTS,CACTI GARDEN,/r/MontagneParfums/comments/1ik5byq/wts_cacti_garden_eau_matcha_georgia_peach_bottle/,36.0,LOUIS VUITTON CACTUS GARDEN,/fragrance/cacti-garden-inspired-by-louis-vuitton-cactus-garden,False,40
1j220sh,WTS,CACTI GARDEN,/r/MontagneParfums/comments/1j220sh/wts_various_decants_from_ayybraamlmaocoln/,50.0,LOUIS VUITTON CACTUS GARDEN,/fragrance/cacti-garden-inspired-by-louis-vuitton-cactus-garden,False,40
1j0a0ks,WTS,CANNOLI,/r/MontagneParfums/comments/1j0a0ks/wts_apple_cognac_cannoli/,35.0,XERJOFF ITALICA,/fragrance/cannoli,True,40
1j0a0ks,WTS,CANNOLI,/r/MontagneParfums/comments/1j0a0ks/wts_apple_cognac_cannoli/,65.0,XERJOFF ITALICA,/fragrance/cannoli,True,40
1iccg5s,WTS,CARLYLE,/r/MontagneParfums/comments/1iccg5s/wts_sicilian_tobacco_new_formulation_bottle/,0.0,PARFUMS DE MARLY CARLISLE,/fragrance/carlyle-inspired-by-parfums-de-marly-carlisle,True,45
1iil8fe,WTS,CARLYLE,/r/MontagneParfums/comments/1iil8fe/wts_carlyle_harmony_ombre_noir_tygr/,35.0,PARFUMS DE MARLY CARLISLE,/fragrance/carlyle-inspired-by-parfums-de-marly-carlisle,True,45
1iqwxel,WTS,CARLYLE,/r/MontagneParfums/comments/1iqwxel/wtswtt_a_lot_of_bottles_from_montagne_bottle/,40.0,PARFUMS DE MARLY CARLISLE,/fragrance/carlyle-inspired-by-parfums-de-marly-carlisle,True,45
1ioopwp,WTS,CHILLY PACIFIC,/r/MontagneParfums/comments/1ioopwp/wts_canadian_buyers_im_selling_these/,,LOUIS VUITTON PACIFIC CHILL,/fragrance/ambre-vanille-inspired-by-parfums-de-marly-althar-1,True,45
1hszhs6,WTS,CHILLY PINEAPPLE,/r/MontagneParfums/comments/1hszhs6/wts_a_bundle/,120.0,PACIFIC CHILL AND AVENTUS COLOGNE,/fragrance/chilly-pineapple,True,45
1iqwxel,WTS,CIEL ELIXIR,/r/MontagneParfums/comments/1iqwxel/wtswtt_a_lot_of_bottles_from_montagne_bottle/,40.0,DIOR SAUVAGE ELIXIR,/fragrance/ciel-elixir,False,40
1hkyyak,WTS,COGNAC D'ANGE,/r/MontagneParfums/comments/1hkyyak/wts_cognac_dange/,35.0,KILIAN ANGEL'S SHARE,/fragrance/cognacangel,True,40
1i8rjz0,WTS,COGNAC D'ANGE,/r/MontagneParfums/comments/1i8rjz0/wts_decluttering_dupes_bottles/,36.0,KILIAN ANGEL'S SHARE,/fragrance/cognacangel,True,40
1iqwxel,WTS,COGNAC D'ANGE,/r/MontagneParfums/comments/1iqwxel/wtswtt_a_lot_of_bottles_from_montagne_bottle/,37.0,KILIAN ANGEL'S SHARE,/fragrance/cognacangel,True,40
1iqs2co,WTS,COGNAC D'ANGE,/r/MontagneParfums/comments/1iqs2co/wts_cognac_dange_elysian_cologne_europe/,50.0,KILIAN ANGEL'S SHARE,/fragrance/cognacangel,True,40
1hi7ill,WTS,CUBICLE FOR MEN,/r/MontagneParfums/comments/1hi7ill/wts_cubicle_for_men_oud_verde/,40.0,FRAGRANCE ONE OFFICE FOR MEN,/fragrance/cubicleformen,True,40
1iu5mgc,WTS,DIABLO,/r/MontagneParfums/comments/1iu5mgc/wts_diablo_and_phantom_noir/,35.0,NARCOTICA DULCE DIABLO,/fragrance/diablo,False,40
1hzcaaf,WTS,EAU BERGAMOTE,/r/MontagneParfums/comments/1hzcaaf/wtswtt_bundle/,115.0,LE LABO BERGAMOTE 22,/fragrance/eaubergamote,True,40
1htzzou,WTS,EAU DE MONTAGNE,/r/MontagneParfums/comments/1htzzou/wts_fullpartial_bottles_and_hawas/,35.0,CREED SILVER MOUNTAIN WATER,/fragrance/eaudemontagne,False,45
1il03u1,WTT,EAU DE MONTAGNE,/r/MontagneParfums/comments/1il03u1/wttwts_pineapple_intense_decants/,48.0,CREED SILVER MOUNTAIN WATER,/fragrance/eaudemontagne,False,45
1ik5byq,WTS,EAU MATCHA,/r/MontagneParfums/comments/1ik5byq/wts_cacti_garden_eau_matcha_georgia_peach_bottle/,36.0,LE LABO THE MATCHA 26,/fragrance/eau-matcha,True,40
1i5vo9z,WTS,EAU MATCHA,/r/MontagneParfums/comments/1i5vo9z/wtswtt_eau_noir_eau_matcha_practically_brand_new/,38.0,LE LABO THE MATCHA 26,/fragrance/eau-matcha,True,40
1i69u80,WTS,EAU NOIR,/r/MontagneParfums/comments/1i69u80/wtseau_noir_vanille_fraiche_ambre_musc_bottle/,30.0,LE LABO THE NOIR 29,/fragrance/eau-noir-inspired-by-le-labo-the-noir-29,False,40
1i5vo9z,WTS,EAU NOIR,/r/MontagneParfums/comments/1i5vo9z/wtswtt_eau_noir_eau_matcha_practically_brand_new/,38.0,LE LABO THE NOIR 29,/fragrance/eau-noir-inspired-by-le-labo-the-noir-29,False,40
1hmsf3s,WTS,EAU VANILLE,/r/MontagneParfums/comments/1hmsf3s/wtswtt_parfum_de_cerise_eau_vanille_for_cognac/,35.0,LE LABO 44 VANILLE PARIS CITY,/fragrance/eau-vanille,False,40
1izocbh,WTT,ELYSIAN COLOGNE,/r/MontagneParfums/comments/1izocbh/wttwts_elysian_cologne/,33.0,ROJA ELYSIUM COLOGNE,/fragrance/elysiancologne,True,45
1iqs2co,WTS,ELYSIAN COLOGNE,/r/MontagneParfums/comments/1iqs2co/wts_cognac_dange_elysian_cologne_europe/,55.0,ROJA ELYSIUM COLOGNE,/fragrance/elysiancologne,True,45
1iipdur,WTS,ELYSIAN INTENSE,/r/MontagneParfums/comments/1iipdur/wts_elysian_intense_bottle/,25.0,ROJA ELYSIUM COLOGNE,/fragrance/elysianintense,True,50
1j220sh,WTS,ELYSIAN INTENSE,/r/MontagneParfums/comments/1j220sh/wts_various_decants_from_ayybraamlmaocoln/,50.0,ROJA ELYSIUM COLOGNE,/fragrance/elysianintense,True,50
1j1sex6,WTT,ERBA ITALIANA,/r/MontagneParfums/comments/1j1sex6/erba_italiana_le_bonbon_intense_wttwts/,70.0,XERJOFF ERBA PURA,/fragrance/erba-italiana,True,40
1i8rjz0,WTS,FEU ROUGE,/r/MontagneParfums/comments/1i8rjz0/wts_decluttering_dupes_bottles/,36.0,BDK PARFUMS ROUGE SMOKING,/fragrance/feu-rouge,True,40
1j15vqq,WTT,GALILEAN,/r/MontagneParfums/comments/1j15vqq/wttwts_galilean/,39.0,MARC ANTOINE BARROIS GANYMEDE EDP,/fragrance/galilean,True,45
1j220sh,WTS,GALILEAN,/r/MontagneParfums/comments/1j220sh/wts_various_decants_from_ayybraamlmaocoln/,50.0,MARC ANTOINE BARROIS GANYMEDE EDP,/fragrance/galilean,True,45
1ikafb9,WTS,GENTLE SILVER,/r/MontagneParfums/comments/1ikafb9/wts_luvrs_malay_aklan_gentle_silver_gof/,40.0,MFK GENTLE FLUIDITY SILVER,/fragrance/gentle-silver-inspired-by-mfk-gentle-fluidity-silver,True,45
1il03u1,WTT,GENTLE SILVER,/r/MontagneParfums/comments/1il03u1/wttwts_pineapple_intense_decants/,48.0,MFK GENTLE FLUIDITY SILVER,/fragrance/gentle-silver-inspired-by-mfk-gentle-fluidity-silver,True,45
1ik5byq,WTS,GEORGIA PEACH,/r/MontagneParfums/comments/1ik5byq/wts_cacti_garden_eau_matcha_georgia_peach_bottle/,36.0,TOM FORD BITTER PEACH,/fragrance/georgia-peach,True,40
1i8rjz0,WTS,GEORGIA PEACH,/r/MontagneParfums/comments/1i8rjz0/wts_decluttering_dupes_bottles/,36.0,TOM FORD BITTER PEACH,/fragrance/georgia-peach,True,40
1htym7v,WTT,GINGHAM GREEN,/r/MontagneParfums/comments/1htym7v/wtt_wts_monkey_special_gingham_green/,45.0,PARFUMS DE MARLY GREENLEY,/fragrance/gingham-green-inspired-by-pdm-greenley,True,45
1ikafb9,WTS,GOD OF FIERY,/r/MontagneParfums/comments/1ikafb9/wts_luvrs_malay_aklan_gentle_silver_gof/,40.0,SHL 777 GOD OF FIRE,/fragrance/god-of-fiery-inspired-by-god-of-fire-by-shl-777,True,45
1ioopwp,WTS,GOD OF FIERY,/r/MontagneParfums/comments/1ioopwp/wts_canadian_buyers_im_selling_these/,,SHL 777 GOD OF FIRE,/fragrance/god-of-fiery-inspired-by-god-of-fire-by-shl-777,True,45
1il03u1,WTT,GUSTAVO,/r/MontagneParfums/comments/1il03u1/wttwts_pineapple_intense_decants/,48.0,ORMONDE JAYNE MONTABACO,/fragrance/gustavo,True,40
1iil8fe,WTS,HARMONY,/r/MontagneParfums/comments/1iil8fe/wts_carlyle_harmony_ombre_noir_tygr/,30.0,LOUIS VUITTON SYMPHONY,/fragrance/harmony-inspired-by-louis-vuitton-symphony,False,45
1ivntv4,WTS,HARMONY,/r/MontagneParfums/comments/1ivntv4/wts_harmony/,35.0,LOUIS VUITTON SYMPHONY,/fragrance/harmony-inspired-by-louis-vuitton-symphony,False,45
1iywyhc,WTS,HARMONY,/r/MontagneParfums/comments/1iywyhc/wts_harmony_imaginary_brooklyn_jazz_wajan/,45.0,LOUIS VUITTON SYMPHONY,/fragrance/harmony-inspired-by-louis-vuitton-symphony,False,45
1il03u1,WTT,HUDSON COUNTY,/r/MontagneParfums/comments/1il03u1/wttwts_pineapple_intense_decants/,48.0,GISSAH HUDSON VALLEY,/fragrance/hudson-county-inspired-by-gissah-hudson-valley,True,40
1iqwxel,WTS,IMAGE,/r/MontagneParfums/comments/1iqwxel/wtswtt_a_lot_of_bottles_from_montagne_bottle/,37.0,AMOUAGE REFLECTION MAN,/fragrance/image,False,40
1i1sxws,WTS,IMAGE,/r/MontagneParfums/comments/1i1sxws/wts_bundle_afternoon_dive_inaginary_vanilla/,70.0,AMOUAGE REFLECTION MAN,/fragrance/image,False,40
1i8rjz0,WTS,IMAGINARY,/r/MontagneParfums/comments/1i8rjz0/wts_decluttering_dupes_bottles/,36.0,LOUIS VUITTON IMAGINATION,/fragrance/imaginary-inspired-by-louis-vuitton-imagination,True,50
1iywyhc,WTS,IMAGINARY,/r/MontagneParfums/comments/1iywyhc/wts_harmony_imaginary_brooklyn_jazz_wajan/,50.0,LOUIS VUITTON IMAGINATION,/fragrance/imaginary-inspired-by-louis-vuitton-imagination,True,50
1iwy5a6,WTS,IMAGINARY,/r/MontagneParfums/comments/1iwy5a6/wts_imaginary_ambre_musc_parfum_de_cerise/,95.0,LOUIS VUITTON IMAGINATION,/fragrance/imaginary-inspired-by-louis-vuitton-imagination,True,50
1i1sxws,WTS,IMAGINARY,/r/MontagneParfums/comments/1i1sxws/wts_bundle_afternoon_dive_inaginary_vanilla/,130.0,LOUIS VUITTON IMAGINATION,/fragrance/imaginary-inspired-by-louis-vuitton-imagination,True,50
1ioopwp,WTS,IMAGINARY,/r/MontagneParfums/comments/1ioopwp/wts_canadian_buyers_im_selling_these/,,LOUIS VUITTON IMAGINATION,/fragrance/imaginary-inspired-by-louis-vuitton-imagination,True,50
1htzzou,WTS,IMMENSITY,/r/MontagneParfums/comments/1htzzou/wts_fullpartial_bottles_and_hawas/,35.0,l'IMMENSITE BY LOUIS VUITTON,/fragrance/immensity-inspired-by-limmensite-by-louis-vuitton,False,45
1hzcaaf,WTS,INTERMISSION,/r/MontagneParfums/comments/1hzcaaf/wtswtt_bundle/,115.0,AMOUAGE INTERLUDE MEN,/fragrance/intermission,False,40
1ipmhth,WTS,IRISH VERBENA,/r/MontagneParfums/comments/1ipmhth/wts_irish_verbena/,35.0,CREED GREEN IRISH TWEED,/fragrance/irishverbena,True,40
1j220sh,WTS,IRISH VERBENA,/r/MontagneParfums/comments/1j220sh/wts_various_decants_from_ayybraamlmaocoln/,50.0,CREED GREEN IRISH TWEED,/fragrance/irishverbena,True,40
1hnhxl8,WTS,JAPANESE PLUM,/r/MontagneParfums/comments/1hnhxl8/wtswtt_soleil_brule_decants/,5.0,TOM FORD PLUM JAPONAIS,/fragrance/japanese-plum-inspired-by-tom-ford-plum-japonais,True,40
1i8rjz0,WTS,JAPANESE PLUM,/r/MontagneParfums/comments/1i8rjz0/wts_decluttering_dupes_bottles/,36.0,TOM FORD PLUM JAPONAIS,/fragrance/japanese-plum-inspired-by-tom-ford-plum-japonais,True,40
1ifjfr0,WTS,JAPANESE PLUM,/r/MontagneParfums/comments/1ifjfr0/wtswajan_japanese_plum_decant_bottle/,42.0,TOM FORD PLUM JAPONAIS,/fragrance/japanese-plum-inspired-by-tom-ford-plum-japonais,True,40
1idarrx,WTS,L'EPICE DE MER,/r/MontagneParfums/comments/1idarrx/wts_vanille_fraiche_amber_vanille_lepice_de_mer/,35.0,CREED VIKING,/fragrance/lepice-de-mer,False,40
1iytqly,WTS,LE BONBON,/r/MontagneParfums/comments/1iytqly/le_bonbon_le_bonbon_intense_wts_wtt/,35.0,MFK BACCARAT ROUGE 540,/fragrance/le-bonbon-1,True,40
1j264km,WTT,LE BONBON,/r/MontagneParfums/comments/1j264km/wttwts_le_bonbon_98/,37.0,MFK BACCARAT ROUGE 540,/fragrance/le-bonbon-1,True,40
1iytqly,WTS,LE BONBON INTENSE,/r/MontagneParfums/comments/1iytqly/le_bonbon_le_bonbon_intense_wts_wtt/,41.0,MFK BACCARAT ROUGE 540,/fragrance/le-bonbon-intense,True,45
1j1sex6,WTT,LE BONBON INTENSE,/r/MontagneParfums/comments/1j1sex6/erba_italiana_le_bonbon_intense_wttwts/,70.0,MFK BACCARAT ROUGE 540,/fragrance/le-bonbon-intense,True,45
1ihwjxo,WTS,LUVRS,/r/MontagneParfums/comments/1ihwjxo/wts_wtt_luvrs_bottle/,38.0,LOUIS VUITTON LOVERS,/fragrance/luvrs-inspired-by-louis-vuitton-lovers,False,45
1ikafb9,WTS,LUVRS,/r/MontagneParfums/comments/1ikafb9/wts_luvrs_malay_aklan_gentle_silver_gof/,40.0,LOUIS VUITTON LOVERS,/fragrance/luvrs-inspired-by-louis-vuitton-lovers,False,45
1iaebe3,WTS,LUVRS,/r/MontagneParfums/comments/1iaebe3/wts_luvrs_pink_rose_frozen_malay_aklan_cacti/,40.0,LOUIS VUITTON LOVERS,/fragrance/luvrs-inspired-by-louis-vuitton-lovers,False,45
1il03u1,WTT,LUVRS,/r/MontagneParfums/comments/1il03u1/wttwts_pineapple_intense_decants/,48.0,LOUIS VUITTON LOVERS,/fragrance/luvrs-inspired-by-louis-vuitton-lovers,False,45
1iz6mu0,WTS,MALAY AKLAN,/r/MontagneParfums/comments/1iz6mu0/wts_multiple_montagnes/,40.0,CREED MILLESIME IMPERIAL,/fragrance/malayaklan,True,45
1iop4gb,WTT,MALAY AKLAN,/r/MontagneParfums/comments/1iop4gb/wttwts_malay_aklan_oud_bois/,40.0,CREED MILLESIME IMPERIAL,/fragrance/malayaklan,True,45
1ikafb9,WTS,MALAY AKLAN,/r/MontagneParfums/comments/1ikafb9/wts_luvrs_malay_aklan_gentle_silver_gof/,40.0,CREED MILLESIME IMPERIAL,/fragrance/malayaklan,True,45
1iaebe3,WTS,MALAY AKLAN,/r/MontagneParfums/comments/1iaebe3/wts_luvrs_pink_rose_frozen_malay_aklan_cacti/,40.0,CREED MILLESIME IMPERIAL,/fragrance/malayaklan,True,45
1iop4gb,WTT,MALAY AKLAN,/r/MontagneParfums/comments/1iop4gb/wttwts_malay_aklan_oud_bois/,70.0,CREED MILLESIME IMPERIAL,/fragrance/malayaklan,True,45
1iy5rx2,WTS,METEORITE,/r/MontagneParfums/comments/1iy5rx2/wts_another_14_meteorite_canada/,75.0,LOUIS VUITTON METEORE,/fragrance/meteorite-inspired-by-louis-vuitton-meteore,True,45
1itf202,WTS,MONKEY SPECIAL,/r/MontagneParfums/comments/1itf202/wts_bundle_monkey_special_tobacco_noir_blue_oud/,40.0,XERJOFF TONY IOMMI MONKEY SPECIAL,/fragrance/monkey-special-inspired-by-xerjoff-tony-iommi-monkey-special,True,45
1htym7v,WTT,MONKEY SPECIAL,/r/MontagneParfums/comments/1htym7v/wtt_wts_monkey_special_gingham_green/,45.0,XERJOFF TONY IOMMI MONKEY SPECIAL,/fragrance/monkey-special-inspired-by-xerjoff-tony-iommi-monkey-special,True,45
1iqwxel,WTS,MYSTIC OUD,/r/MontagneParfums/comments/1iqwxel/wtswtt_a_lot_of_bottles_from_montagne_bottle/,40.0,INITIO OUD FOR GREATNESS,/fragrance/mysticoud,False,45
1iqwxel,WTS,MYSTIC OUD,/r/MontagneParfums/comments/1iqwxel/wtswtt_a_lot_of_bottles_from_montagne_bottle/,40.0,INITIO OUD FOR GREATNESS,/fragrance/mysticoud,False,45
1htvmve,WTT,NOBLE OUD,/r/MontagneParfums/comments/1htvmve/wttwts_99_noble_oud/,99.0,PARFUMS DE MARLY HALTANE,/fragrance/noble-oud-inspired-by-parfums-de-marly-haltane,True,45
1iz5aob,WTS,NOIR OUD,/r/MontagneParfums/comments/1iz5aob/wtswtt_moi/,35.0,FRAGRANCE DU BOIS OUD NOIR INTENSE,/fragrance/noiroud,False,40
1hzcaaf,WTS,NOVILLO LEATHER,/r/MontagneParfums/comments/1hzcaaf/wtswtt_bundle/,115.0,BDK PARFUMS CREME DE CUIR,/fragrance/novillo-leather,True,40
1iil8fe,WTS,OMBRE NOIR,/r/MontagneParfums/comments/1iil8fe/wts_carlyle_harmony_ombre_noir_tygr/,30.0,LOUIS VUITTON OMBRE NOMADE,/fragrance/ombre-noir,True,60
1is6ylh,WTS,ORANGE OUD,/r/MontagneParfums/comments/1is6ylh/wts_wtt_orange_oud/,30.0,FRAGRANCE DU BOIS ORANGE INTENSE,/fragrance/orange-oud,True,40
1io4elq,WTS,ORANGE OUD,/r/MontagneParfums/comments/1io4elq/wts_orange_oud_rich_santal_mm_under_the_lemon_tree/,35.0,FRAGRANCE DU BOIS ORANGE INTENSE,/fragrance/orange-oud,True,40
1j4o020,,ORANGE OUD,https://www.reddit.com/r/tester_jethya/comments/1j4o020/orange_oud_wts/,99.0,FRAGRANCE DU BOIS ORANGE INTENSE,/fragrance/orange-oud,True,40
1hnhxl8,WTS,OUD AMBRE ABSOLU,/r/MontagneParfums/comments/1hnhxl8/wtswtt_soleil_brule_decants/,12.0,ROJA AMBER AOUD ABSOLUE PRECIEUX,/fragrance/oud-ambre-absolu,False,45
1hzcaaf,WTS,PALISADE,/r/MontagneParfums/comments/1hzcaaf/wtswtt_bundle/,115.0,MIND GAMES BLOCKADE,/fragrance/palisade-inspired-by-mind-games-blockade,False,45
1hmsf3s,WTS,PARFUM DE CERISE,/r/MontagneParfums/comments/1hmsf3s/wtswtt_parfum_de_cerise_eau_vanille_for_cognac/,35.0,TOM FORD LOST CHERRY,/fragrance/parfum-de-cerise,True,40
1ifda3f,WTS,PARFUM DE CERISE,/r/MontagneParfums/comments/1ifda3f/wts_parfums_de_cerise_bottle/,36.0,TOM FORD LOST CHERRY,/fragrance/parfum-de-cerise,True,40
1hz8g0a,WTS,PARFUM DE CERISE,/r/MontagneParfums/comments/1hz8g0a/wts_parfum_de_cerise_bottle/,36.0,TOM FORD LOST CHERRY,/fragrance/parfum-de-cerise,True,40
1iqwxel,WTS,PARFUM DE CERISE,/r/MontagneParfums/comments/1iqwxel/wtswtt_a_lot_of_bottles_from_montagne_bottle/,37.0,TOM FORD LOST CHERRY,/fragrance/parfum-de-cerise,True,40
1iwy5a6,WTS,PARFUM DE CERISE,/r/MontagneParfums/comments/1iwy5a6/wts_imaginary_ambre_musc_parfum_de_cerise/,95.0,TOM FORD LOST CHERRY,/fragrance/parfum-de-cerise,True,40
1j2p2ed,WTS,PERCEVAL,/r/MontagneParfums/comments/1j2p2ed/wts_bundle/,180.0,PARFUMS DE MARLY PERCIVAL,/fragrance/perceval-inspired-by-parfums-de-marly-percival,False,40
1iu5mgc,WTS,PHANTOM NOIR,/r/MontagneParfums/comments/1iu5mgc/wts_diablo_and_phantom_noir/,35.0,KILIAN BLACK PHANTOM,/fragrance/phantomnoir,True,40
1i8rjz0,WTS,PHANTOM NOIR,/r/MontagneParfums/comments/1i8rjz0/wts_decluttering_dupes_bottles/,36.0,KILIAN BLACK PHANTOM,/fragrance/phantomnoir,True,40
1isvhxd,WTS,PHANTOM NOIR,/r/MontagneParfums/comments/1isvhxd/wts/,95.0,KILIAN BLACK PHANTOM,/fragrance/phantomnoir,True,40
1iz6mu0,WTS,PINEAPPLE ABSOLU,/r/MontagneParfums/comments/1iz6mu0/wts_multiple_montagnes/,39.0,CREED ABSOLU AVENTUS,/fragrance/pineapple-absolu-inspired-by-creed-absolu-aventus,True,45
1iz6mu0,WTS,PINEAPPLE BONBON,/r/MontagneParfums/comments/1iz6mu0/wts_multiple_montagnes/,35.0,BR 540 AND CREED AVENTUS,/fragrance/pineapplebonbon,True,40
1idavrv,WTS,PINEAPPLE BONBON,/r/MontagneParfums/comments/1idavrv/wts_pineapple_bonbon_bottle/,36.0,BR 540 AND CREED AVENTUS,/fragrance/pineapplebonbon,True,40
1j2otuo,WTS,PINEAPPLE FRAIS,/r/MontagneParfums/comments/1j2otuo/wts_pineapple_frais/,36.0,CREED AVENTUS COLOGNE,/fragrance/pineapplefrais,True,40
1il03u1,WTT,PINEAPPLE INTENSE,/r/MontagneParfums/comments/1il03u1/wttwts_pineapple_intense_decants/,48.0,CREED AVENTUS,/fragrance/pineapple-intense,True,55
1iywyhc,WTS,PINEAPPLE INTENSE,/r/MontagneParfums/comments/1iywyhc/wts_harmony_imaginary_brooklyn_jazz_wajan/,54.0,CREED AVENTUS,/fragrance/pineapple-intense,True,55
1iz6mu0,WTS,PINEAPPLE MUSK,/r/MontagneParfums/comments/1iz6mu0/wts_multiple_montagnes/,47.0,CREED AVENTUS,/fragrance/pineapple-musk,True,60
1iywyhc,WTS,PINEAPPLE MUSK,/r/MontagneParfums/comments/1iywyhc/wts_harmony_imaginary_brooklyn_jazz_wajan/,59.0,CREED AVENTUS,/fragrance/pineapple-musk,True,60
1iaebe3,WTS,PINK ROSE FROZEN,/r/MontagneParfums/comments/1iaebe3/wts_luvrs_pink_rose_frozen_malay_aklan_cacti/,35.0,PARFUMS DE MARLY DELINA LA ROSÉE,/fragrance/pink-rose-frozen-inspired-by-parfums-de-marly-delina-la-rose,True,40
1idavrv,WTS,POGI,/r/MontagneParfums/comments/1idavrv/wts_pineapple_bonbon_bottle/,0.0,TIZIANA TERENZI POGGIA,/fragrance/pogi,True,40
1io4elq,WTS,RICH SANTAL,/r/MontagneParfums/comments/1io4elq/wts_orange_oud_rich_santal_mm_under_the_lemon_tree/,35.0,FRAGRANCE DU BOIS SANTAL COMPLET,/fragrance/richsantal,True,40
1il03u1,WTT,RICH SANTAL,/r/MontagneParfums/comments/1il03u1/wttwts_pineapple_intense_decants/,48.0,FRAGRANCE DU BOIS SANTAL COMPLET,/fragrance/richsantal,True,40
1hnhxl8,WTS,SICILIAN TOBACCO,/r/MontagneParfums/comments/1hnhxl8/wtswtt_soleil_brule_decants/,5.0,XERJOFF NAXOS,/fragrance/siciliantobacco,False,40
1iccg5s,WTS,SICILIAN TOBACCO,/r/MontagneParfums/comments/1iccg5s/wts_sicilian_tobacco_new_formulation_bottle/,71.0,XERJOFF NAXOS,/fragrance/siciliantobacco,False,40
1i8rjz0,WTS,SINFONIETTA,/r/MontagneParfums/comments/1i8rjz0/wts_decluttering_dupes_bottles/,36.0,XERJOFF SYMPHONIUM,/fragrance/sinfonietta-inspired-by-xerjoff-symphonium,True,40
1hnhxl8,WTS,SOLEIL BRULE ISNPIRED BY TOM FORD SOLEIL BRULANT,/r/MontagneParfums/comments/1hnhxl8/wtswtt_soleil_brule_decants/,35.0,Unknown,/fragrance/soleil-brule,False,45
1i8rjz0,WTS,STRAWBERRY MILK,/r/MontagneParfums/comments/1i8rjz0/wts_decluttering_dupes_bottles/,36.0,MELANIE MARTINEZ CRY BABY PERFUME MILK,/fragrance/strawberry-milk-inspired-by-melanie-martinez-cry-baby-perfume-milk,False,40
1i8rjz0,WTS,SWEET OUD,/r/MontagneParfums/comments/1i8rjz0/wts_decluttering_dupes_bottles/,36.0,ROJA SWEETIE AOUD,/fragrance/sweet-oud,False,40
1htzzou,WTS,TABAC HAVANE (MONTAGNE ORIGINAL),/r/MontagneParfums/comments/1htzzou/wts_fullpartial_bottles_and_hawas/,25.0,Unknown,/fragrance/tabac-havane,False,60
1iz6mu0,WTS,TABAC VANILLE,/r/MontagneParfums/comments/1iz6mu0/wts_multiple_montagnes/,37.0,TOM FORD TOBACCO VANILLE,/fragrance/tabac-vanille,False,40
1io4elq,WTS,THE 212,/r/MontagneParfums/comments/1io4elq/wts_orange_oud_rich_santal_mm_under_the_lemon_tree/,40.0,MFK 724,/fragrance/the-212-inspired-by-mfk-724,True,45
1itf202,WTS,TOBACCO NOIR,/r/MontagneParfums/comments/1itf202/wts_bundle_monkey_special_tobacco_noir_blue_oud/,35.0,PARFUMS DE MARLY HEROD,/fragrance/tobacconoir,True,40
1ighegy,WTS,TOBACCO NOIR,/r/MontagneParfums/comments/1ighegy/wts_tabacco_noir/,35.0,PARFUMS DE MARLY HEROD,/fragrance/tobacconoir,True,40
1i8rjz0,WTS,TORINO 2021,/r/MontagneParfums/comments/1i8rjz0/wts_decluttering_dupes_bottles/,36.0,XERJOFF TORINO21,/fragrance/torino-2021,False,40
1iwmfzc,WTS,TORINO 2021,/r/MontagneParfums/comments/1iwmfzc/wts_wtt_torino_22_ships_from_ca/,40.0,XERJOFF TORINO21,/fragrance/torino-2021,False,40
1j220sh,WTS,TORINO 2021,/r/MontagneParfums/comments/1j220sh/wts_various_decants_from_ayybraamlmaocoln/,50.0,XERJOFF TORINO21,/fragrance/torino-2021,False,40
1il03u1,WTT,TORINO 2022,/r/MontagneParfums/comments/1il03u1/wttwts_pineapple_intense_decants/,48.0,XERJOFF TORINO22,/fragrance/torino-2022,False,40
1iil8fe,WTS,TYGR,/r/MontagneParfums/comments/1iil8fe/wts_carlyle_harmony_ombre_noir_tygr/,15.0,BULGARI TYGAR,/fragrance/tygr,False,40
1isvhxd,WTS,TYGR,/r/MontagneParfums/comments/1isvhxd/wts/,95.0,BULGARI TYGAR,/fragrance/tygr,False,40
1htzzou,WTS,TYGR COLOGNE,/r/MontagneParfums/comments/1htzzou/wts_fullpartial_bottles_and_hawas/,35.0,BULGARI LE GEMME TYGAR,/fragrance/tygr-cologne,True,45
1hhqnhz,WTS,VANILLE ABSOLUTE,/r/MontagneParfums/comments/1hhqnhz/wts_aoud_maracuja_vanille_absolute/,28.0,NISHANE ANI,/fragrance/vanilleabsolute,False,40
1is2knx,WTT,VANILLE ABSOLUTE,/r/MontagneParfums/comments/1is2knx/wttwts_soleil_brûleé/,38.0,NISHANE ANI,/fragrance/vanilleabsolute,False,40
1i69u80,WTS,VANILLE FRAICHE,/r/MontagneParfums/comments/1i69u80/wtseau_noir_vanille_fraiche_ambre_musc_bottle/,29.0,PARFUMS DE MARLY LAYTON,/fragrance/vanille-fraiche,True,40
1idarrx,WTS,VANILLE FRAICHE,/r/MontagneParfums/comments/1idarrx/wts_vanille_fraiche_amber_vanille_lepice_de_mer/,40.0,PARFUMS DE MARLY LAYTON,/fragrance/vanille-fraiche,True,40
1hzcaaf,WTS,VANILLE FRAICHE,/r/MontagneParfums/comments/1hzcaaf/wtswtt_bundle/,115.0,PARFUMS DE MARLY LAYTON,/fragrance/vanille-fraiche,True,40
1i1sxws,WTS,VANILLE FRAICHE,/r/MontagneParfums/comments/1i1sxws/wts_bundle_afternoon_dive_inaginary_vanilla/,130.0,PARFUMS DE MARLY LAYTON,/fragrance/vanille-fraiche,True,40
1hup85z,WTS,WAJAN,/r/MontagneParfums/comments/1hup85z/wts_wajan_35_shipped/,35.0,PARFUMS DE MARLY OAJAN,/fragrance/wajan-inspired-by-parfums-de-marly-oajan,True,45
1itf202,WTS,WAJAN,/r/MontagneParfums/comments/1itf202/wts_bundle_monkey_special_tobacco_noir_blue_oud/,40.0,PARFUMS DE MARLY OAJAN,/fragrance/wajan-inspired-by-parfums-de-marly-oajan,True,45
1ifjfr0,WTS,WAJAN,/r/MontagneParfums/comments/1ifjfr0/wtswajan_japanese_plum_decant_bottle/,42.0,PARFUMS DE MARLY OAJAN,/fragrance/wajan-inspired-by-parfums-de-marly-oajan,True,45
1iywyhc,WTS,WAJAN,/r/MontagneParfums/comments/1iywyhc/wts_harmony_imaginary_brooklyn_jazz_wajan/,45.0,PARFUMS DE MARLY OAJAN,/fragrance/wajan-inspired-by-parfums-de-marly-oajan,True,45
